well	bcF	linkF	bcR	linkR
A1	CGATACTG	1	GACCGCCA	1
A3	TAGAGACG	2	GACCGCCA	1
A5	AGGCATCT	3	GACCGCCA	1
A7	GCAGAATC	4	GACCGCCA	1
A9	CTCGCTAA	1	GACCGCCA	1
A11	ACATGGAC	2	GACCGCCA	1
A13	ATGTGAGC	3	GACCGCCA	1
A15	GTTCAACG	4	GACCGCCA	1
A17	AGCATGAC	1	GACCGCCA	1
A19	GTAAGCCA	2	GACCGCCA	1
A21	ACATACGG	3	GACCGCCA	1
A23	TCTCCAGA	4	GACCGCCA	1
A2	GTAGACCT	1	GACCGCCA	1
A4	AGTACGGA	2	GACCGCCA	1
A6	TAGTTCGC	3	GACCGCCA	1
A8	GATTCGGA	4	GACCGCCA	1
A10	ACTGACCT	1	GACCGCCA	1
A12	GAGCACTT	2	GACCGCCA	1
A14	CTGCTTAC	3	GACCGCCA	1
A16	ACCGTCAT	4	GACCGCCA	1
A18	TGCTCTCA	1	GACCGCCA	1
A20	GTACCAGA	2	GACCGCCA	1
A22	CCAATTCG	3	GACCGCCA	1
A24	GGTCATGT	4	GACCGCCA	1
B1	CGATACTG	1	CTGAATTC	1
B3	TAGAGACG	2	CTGAATTC	1
B5	AGGCATCT	3	CTGAATTC	1
B7	GCAGAATC	4	CTGAATTC	1
B9	CTCGCTAA	1	CTGAATTC	1
B11	ACATGGAC	2	CTGAATTC	1
B13	ATGTGAGC	3	CTGAATTC	1
B15	GTTCAACG	4	CTGAATTC	1
B17	AGCATGAC	1	CTGAATTC	1
B19	GTAAGCCA	2	CTGAATTC	1
B21	ACATACGG	3	CTGAATTC	1
B23	TCTCCAGA	4	CTGAATTC	1
B2	GTAGACCT	1	CTGAATTC	1
B4	AGTACGGA	2	CTGAATTC	1
B6	TAGTTCGC	3	CTGAATTC	1
B8	GATTCGGA	4	CTGAATTC	1
B10	ACTGACCT	1	CTGAATTC	1
B12	GAGCACTT	2	CTGAATTC	1
B14	CTGCTTAC	3	CTGAATTC	1
B16	ACCGTCAT	4	CTGAATTC	1
B18	TGCTCTCA	1	CTGAATTC	1
B20	GTACCAGA	2	CTGAATTC	1
B22	CCAATTCG	3	CTGAATTC	1
B24	GGTCATGT	4	CTGAATTC	1
C1	CGATACTG	1	TAAGATGG	2
C3	TAGAGACG	2	TAAGATGG	2
C5	AGGCATCT	3	TAAGATGG	2
C7	GCAGAATC	4	TAAGATGG	2
C9	CTCGCTAA	1	TAAGATGG	2
C11	ACATGGAC	2	TAAGATGG	2
C13	ATGTGAGC	3	TAAGATGG	2
C15	GTTCAACG	4	TAAGATGG	2
C17	AGCATGAC	1	TAAGATGG	2
C19	GTAAGCCA	2	TAAGATGG	2
C21	ACATACGG	3	TAAGATGG	2
C23	TCTCCAGA	4	TAAGATGG	2
C2	GTAGACCT	1	TAAGATGG	2
C4	AGTACGGA	2	TAAGATGG	2
C6	TAGTTCGC	3	TAAGATGG	2
C8	GATTCGGA	4	TAAGATGG	2
C10	ACTGACCT	1	TAAGATGG	2
C12	GAGCACTT	2	TAAGATGG	2
C14	CTGCTTAC	3	TAAGATGG	2
C16	ACCGTCAT	4	TAAGATGG	2
C18	TGCTCTCA	1	TAAGATGG	2
C20	GTACCAGA	2	TAAGATGG	2
C22	CCAATTCG	3	TAAGATGG	2
C24	GGTCATGT	4	TAAGATGG	2
D1	CGATACTG	1	CGTACCGG	2
D3	TAGAGACG	2	CGTACCGG	2
D5	AGGCATCT	3	CGTACCGG	2
D7	GCAGAATC	4	CGTACCGG	2
D9	CTCGCTAA	1	CGTACCGG	2
D11	ACATGGAC	2	CGTACCGG	2
D13	ATGTGAGC	3	CGTACCGG	2
D15	GTTCAACG	4	CGTACCGG	2
D17	AGCATGAC	1	CGTACCGG	2
D19	GTAAGCCA	2	CGTACCGG	2
D21	ACATACGG	3	CGTACCGG	2
D23	TCTCCAGA	4	CGTACCGG	2
D2	GTAGACCT	1	CGTACCGG	2
D4	AGTACGGA	2	CGTACCGG	2
D6	TAGTTCGC	3	CGTACCGG	2
D8	GATTCGGA	4	CGTACCGG	2
D10	ACTGACCT	1	CGTACCGG	2
D12	GAGCACTT	2	CGTACCGG	2
D14	CTGCTTAC	3	CGTACCGG	2
D16	ACCGTCAT	4	CGTACCGG	2
D18	TGCTCTCA	1	CGTACCGG	2
D20	GTACCAGA	2	CGTACCGG	2
D22	CCAATTCG	3	CGTACCGG	2
D24	GGTCATGT	4	CGTACCGG	2
E1	CGATACTG	1	ATTGACAT	3
E3	TAGAGACG	2	ATTGACAT	3
E5	AGGCATCT	3	ATTGACAT	3
E7	GCAGAATC	4	ATTGACAT	3
E9	CTCGCTAA	1	ATTGACAT	3
E11	ACATGGAC	2	ATTGACAT	3
E13	ATGTGAGC	3	ATTGACAT	3
E15	GTTCAACG	4	ATTGACAT	3
E17	AGCATGAC	1	ATTGACAT	3
E19	GTAAGCCA	2	ATTGACAT	3
E21	ACATACGG	3	ATTGACAT	3
E23	TCTCCAGA	4	ATTGACAT	3
E2	GTAGACCT	1	ATTGACAT	3
E4	AGTACGGA	2	ATTGACAT	3
E6	TAGTTCGC	3	ATTGACAT	3
E8	GATTCGGA	4	ATTGACAT	3
E10	ACTGACCT	1	ATTGACAT	3
E12	GAGCACTT	2	ATTGACAT	3
E14	CTGCTTAC	3	ATTGACAT	3
E16	ACCGTCAT	4	ATTGACAT	3
E18	TGCTCTCA	1	ATTGACAT	3
E20	GTACCAGA	2	ATTGACAT	3
E22	CCAATTCG	3	ATTGACAT	3
E24	GGTCATGT	4	ATTGACAT	3
F1	CGATACTG	1	GATGACGG	3
F3	TAGAGACG	2	GATGACGG	3
F5	AGGCATCT	3	GATGACGG	3
F7	GCAGAATC	4	GATGACGG	3
F9	CTCGCTAA	1	GATGACGG	3
F11	ACATGGAC	2	GATGACGG	3
F13	ATGTGAGC	3	GATGACGG	3
F15	GTTCAACG	4	GATGACGG	3
F17	AGCATGAC	1	GATGACGG	3
F19	GTAAGCCA	2	GATGACGG	3
F21	ACATACGG	3	GATGACGG	3
F23	TCTCCAGA	4	GATGACGG	3
F2	GTAGACCT	1	GATGACGG	3
F4	AGTACGGA	2	GATGACGG	3
F6	TAGTTCGC	3	GATGACGG	3
F8	GATTCGGA	4	GATGACGG	3
F10	ACTGACCT	1	GATGACGG	3
F12	GAGCACTT	2	GATGACGG	3
F14	CTGCTTAC	3	GATGACGG	3
F16	ACCGTCAT	4	GATGACGG	3
F18	TGCTCTCA	1	GATGACGG	3
F20	GTACCAGA	2	GATGACGG	3
F22	CCAATTCG	3	GATGACGG	3
F24	GGTCATGT	4	GATGACGG	3
G1	CGATACTG	1	AGCCAACT	4
G3	TAGAGACG	2	AGCCAACT	4
G5	AGGCATCT	3	AGCCAACT	4
G7	GCAGAATC	4	AGCCAACT	4
G9	CTCGCTAA	1	AGCCAACT	4
G11	ACATGGAC	2	AGCCAACT	4
G13	ATGTGAGC	3	AGCCAACT	4
G15	GTTCAACG	4	AGCCAACT	4
G17	AGCATGAC	1	AGCCAACT	4
G19	GTAAGCCA	2	AGCCAACT	4
G21	ACATACGG	3	AGCCAACT	4
G23	TCTCCAGA	4	AGCCAACT	4
G2	GTAGACCT	1	AGCCAACT	4
G4	AGTACGGA	2	AGCCAACT	4
G6	TAGTTCGC	3	AGCCAACT	4
G8	GATTCGGA	4	AGCCAACT	4
G10	ACTGACCT	1	AGCCAACT	4
G12	GAGCACTT	2	AGCCAACT	4
G14	CTGCTTAC	3	AGCCAACT	4
G16	ACCGTCAT	4	AGCCAACT	4
G18	TGCTCTCA	1	AGCCAACT	4
G20	GTACCAGA	2	AGCCAACT	4
G22	CCAATTCG	3	AGCCAACT	4
G24	GGTCATGT	4	AGCCAACT	4
H1	CGATACTG	1	TATAGACG	4
H3	TAGAGACG	2	TATAGACG	4
H5	AGGCATCT	3	TATAGACG	4
H7	GCAGAATC	4	TATAGACG	4
H9	CTCGCTAA	1	TATAGACG	4
H11	ACATGGAC	2	TATAGACG	4
H13	ATGTGAGC	3	TATAGACG	4
H15	GTTCAACG	4	TATAGACG	4
H17	AGCATGAC	1	TATAGACG	4
H19	GTAAGCCA	2	TATAGACG	4
H21	ACATACGG	3	TATAGACG	4
H23	TCTCCAGA	4	TATAGACG	4
H2	GTAGACCT	1	TATAGACG	4
H4	AGTACGGA	2	TATAGACG	4
H6	TAGTTCGC	3	TATAGACG	4
H8	GATTCGGA	4	TATAGACG	4
H10	ACTGACCT	1	TATAGACG	4
H12	GAGCACTT	2	TATAGACG	4
H14	CTGCTTAC	3	TATAGACG	4
H16	ACCGTCAT	4	TATAGACG	4
H18	TGCTCTCA	1	TATAGACG	4
H20	GTACCAGA	2	TATAGACG	4
H22	CCAATTCG	3	TATAGACG	4
H24	GGTCATGT	4	TATAGACG	4
I1	CGATACTG	1	TACTAGGT	1
I3	TAGAGACG	2	TACTAGGT	1
I5	AGGCATCT	3	TACTAGGT	1
I7	GCAGAATC	4	TACTAGGT	1
I9	CTCGCTAA	1	TACTAGGT	1
I11	ACATGGAC	2	TACTAGGT	1
I13	ATGTGAGC	3	TACTAGGT	1
I15	GTTCAACG	4	TACTAGGT	1
I17	AGCATGAC	1	TACTAGGT	1
I19	GTAAGCCA	2	TACTAGGT	1
I21	ACATACGG	3	TACTAGGT	1
I23	TCTCCAGA	4	TACTAGGT	1
I2	GTAGACCT	1	TACTAGGT	1
I4	AGTACGGA	2	TACTAGGT	1
I6	TAGTTCGC	3	TACTAGGT	1
I8	GATTCGGA	4	TACTAGGT	1
I10	ACTGACCT	1	TACTAGGT	1
I12	GAGCACTT	2	TACTAGGT	1
I14	CTGCTTAC	3	TACTAGGT	1
I16	ACCGTCAT	4	TACTAGGT	1
I18	TGCTCTCA	1	TACTAGGT	1
I20	GTACCAGA	2	TACTAGGT	1
I22	CCAATTCG	3	TACTAGGT	1
I24	GGTCATGT	4	TACTAGGT	1
J1	CGATACTG	1	GTCATTGA	1
J3	TAGAGACG	2	GTCATTGA	1
J5	AGGCATCT	3	GTCATTGA	1
J7	GCAGAATC	4	GTCATTGA	1
J9	CTCGCTAA	1	GTCATTGA	1
J11	ACATGGAC	2	GTCATTGA	1
J13	ATGTGAGC	3	GTCATTGA	1
J15	GTTCAACG	4	GTCATTGA	1
J17	AGCATGAC	1	GTCATTGA	1
J19	GTAAGCCA	2	GTCATTGA	1
J21	ACATACGG	3	GTCATTGA	1
J23	TCTCCAGA	4	GTCATTGA	1
J2	GTAGACCT	1	GTCATTGA	1
J4	AGTACGGA	2	GTCATTGA	1
J6	TAGTTCGC	3	GTCATTGA	1
J8	GATTCGGA	4	GTCATTGA	1
J10	ACTGACCT	1	GTCATTGA	1
J12	GAGCACTT	2	GTCATTGA	1
J14	CTGCTTAC	3	GTCATTGA	1
J16	ACCGTCAT	4	GTCATTGA	1
J18	TGCTCTCA	1	GTCATTGA	1
J20	GTACCAGA	2	GTCATTGA	1
J22	CCAATTCG	3	GTCATTGA	1
J24	GGTCATGT	4	GTCATTGA	1
K1	CGATACTG	1	TCACGGTT	2
K3	TAGAGACG	2	TCACGGTT	2
K5	AGGCATCT	3	TCACGGTT	2
K7	GCAGAATC	4	TCACGGTT	2
K9	CTCGCTAA	1	TCACGGTT	2
K11	ACATGGAC	2	TCACGGTT	2
K13	ATGTGAGC	3	TCACGGTT	2
K15	GTTCAACG	4	TCACGGTT	2
K17	AGCATGAC	1	TCACGGTT	2
K19	GTAAGCCA	2	TCACGGTT	2
K21	ACATACGG	3	TCACGGTT	2
K23	TCTCCAGA	4	TCACGGTT	2
K2	GTAGACCT	1	TCACGGTT	2
K4	AGTACGGA	2	TCACGGTT	2
K6	TAGTTCGC	3	TCACGGTT	2
K8	GATTCGGA	4	TCACGGTT	2
K10	ACTGACCT	1	TCACGGTT	2
K12	GAGCACTT	2	TCACGGTT	2
K14	CTGCTTAC	3	TCACGGTT	2
K16	ACCGTCAT	4	TCACGGTT	2
K18	TGCTCTCA	1	TCACGGTT	2
K20	GTACCAGA	2	TCACGGTT	2
K22	CCAATTCG	3	TCACGGTT	2
K24	GGTCATGT	4	TCACGGTT	2
L1	CGATACTG	1	GCATCGTT	2
L3	TAGAGACG	2	GCATCGTT	2
L5	AGGCATCT	3	GCATCGTT	2
L7	GCAGAATC	4	GCATCGTT	2
L9	CTCGCTAA	1	GCATCGTT	2
L11	ACATGGAC	2	GCATCGTT	2
L13	ATGTGAGC	3	GCATCGTT	2
L15	GTTCAACG	4	GCATCGTT	2
L17	AGCATGAC	1	GCATCGTT	2
L19	GTAAGCCA	2	GCATCGTT	2
L21	ACATACGG	3	GCATCGTT	2
L23	TCTCCAGA	4	GCATCGTT	2
L2	GTAGACCT	1	GCATCGTT	2
L4	AGTACGGA	2	GCATCGTT	2
L6	TAGTTCGC	3	GCATCGTT	2
L8	GATTCGGA	4	GCATCGTT	2
L10	ACTGACCT	1	GCATCGTT	2
L12	GAGCACTT	2	GCATCGTT	2
L14	CTGCTTAC	3	GCATCGTT	2
L16	ACCGTCAT	4	GCATCGTT	2
L18	TGCTCTCA	1	GCATCGTT	2
L20	GTACCAGA	2	GCATCGTT	2
L22	CCAATTCG	3	GCATCGTT	2
L24	GGTCATGT	4	GCATCGTT	2
M1	CGATACTG	1	TGTAATGA	3
M3	TAGAGACG	2	TGTAATGA	3
M5	AGGCATCT	3	TGTAATGA	3
M7	GCAGAATC	4	TGTAATGA	3
M9	CTCGCTAA	1	TGTAATGA	3
M11	ACATGGAC	2	TGTAATGA	3
M13	ATGTGAGC	3	TGTAATGA	3
M15	GTTCAACG	4	TGTAATGA	3
M17	AGCATGAC	1	TGTAATGA	3
M19	GTAAGCCA	2	TGTAATGA	3
M21	ACATACGG	3	TGTAATGA	3
M23	TCTCCAGA	4	TGTAATGA	3
M2	GTAGACCT	1	TGTAATGA	3
M4	AGTACGGA	2	TGTAATGA	3
M6	TAGTTCGC	3	TGTAATGA	3
M8	GATTCGGA	4	TGTAATGA	3
M10	ACTGACCT	1	TGTAATGA	3
M12	GAGCACTT	2	TGTAATGA	3
M14	CTGCTTAC	3	TGTAATGA	3
M16	ACCGTCAT	4	TGTAATGA	3
M18	TGCTCTCA	1	TGTAATGA	3
M20	GTACCAGA	2	TGTAATGA	3
M22	CCAATTCG	3	TGTAATGA	3
M24	GGTCATGT	4	TGTAATGA	3
N1	CGATACTG	1	AGGTTGAC	3
N3	TAGAGACG	2	AGGTTGAC	3
N5	AGGCATCT	3	AGGTTGAC	3
N7	GCAGAATC	4	AGGTTGAC	3
N9	CTCGCTAA	1	AGGTTGAC	3
N11	ACATGGAC	2	AGGTTGAC	3
N13	ATGTGAGC	3	AGGTTGAC	3
N15	GTTCAACG	4	AGGTTGAC	3
N17	AGCATGAC	1	AGGTTGAC	3
N19	GTAAGCCA	2	AGGTTGAC	3
N21	ACATACGG	3	AGGTTGAC	3
N23	TCTCCAGA	4	AGGTTGAC	3
N2	GTAGACCT	1	AGGTTGAC	3
N4	AGTACGGA	2	AGGTTGAC	3
N6	TAGTTCGC	3	AGGTTGAC	3
N8	GATTCGGA	4	AGGTTGAC	3
N10	ACTGACCT	1	AGGTTGAC	3
N12	GAGCACTT	2	AGGTTGAC	3
N14	CTGCTTAC	3	AGGTTGAC	3
N16	ACCGTCAT	4	AGGTTGAC	3
N18	TGCTCTCA	1	AGGTTGAC	3
N20	GTACCAGA	2	AGGTTGAC	3
N22	CCAATTCG	3	AGGTTGAC	3
N24	GGTCATGT	4	AGGTTGAC	3
O1	CGATACTG	1	CACGTCAG	4
O3	TAGAGACG	2	CACGTCAG	4
O5	AGGCATCT	3	CACGTCAG	4
O7	GCAGAATC	4	CACGTCAG	4
O9	CTCGCTAA	1	CACGTCAG	4
O11	ACATGGAC	2	CACGTCAG	4
O13	ATGTGAGC	3	CACGTCAG	4
O15	GTTCAACG	4	CACGTCAG	4
O17	AGCATGAC	1	CACGTCAG	4
O19	GTAAGCCA	2	CACGTCAG	4
O21	ACATACGG	3	CACGTCAG	4
O23	TCTCCAGA	4	CACGTCAG	4
O2	GTAGACCT	1	CACGTCAG	4
O4	AGTACGGA	2	CACGTCAG	4
O6	TAGTTCGC	3	CACGTCAG	4
O8	GATTCGGA	4	CACGTCAG	4
O10	ACTGACCT	1	CACGTCAG	4
O12	GAGCACTT	2	CACGTCAG	4
O14	CTGCTTAC	3	CACGTCAG	4
O16	ACCGTCAT	4	CACGTCAG	4
O18	TGCTCTCA	1	CACGTCAG	4
O20	GTACCAGA	2	CACGTCAG	4
O22	CCAATTCG	3	CACGTCAG	4
O24	GGTCATGT	4	CACGTCAG	4
P1	CGATACTG	1	TGAAACTG	4
P3	TAGAGACG	2	TGAAACTG	4
P5	AGGCATCT	3	TGAAACTG	4
P7	GCAGAATC	4	TGAAACTG	4
P9	CTCGCTAA	1	TGAAACTG	4
P11	ACATGGAC	2	TGAAACTG	4
P13	ATGTGAGC	3	TGAAACTG	4
P15	GTTCAACG	4	TGAAACTG	4
P17	AGCATGAC	1	TGAAACTG	4
P19	GTAAGCCA	2	TGAAACTG	4
P21	ACATACGG	3	TGAAACTG	4
P23	TCTCCAGA	4	TGAAACTG	4
P2	GTAGACCT	1	TGAAACTG	4
P4	AGTACGGA	2	TGAAACTG	4
P6	TAGTTCGC	3	TGAAACTG	4
P8	GATTCGGA	4	TGAAACTG	4
P10	ACTGACCT	1	TGAAACTG	4
P12	GAGCACTT	2	TGAAACTG	4
P14	CTGCTTAC	3	TGAAACTG	4
P16	ACCGTCAT	4	TGAAACTG	4
P18	TGCTCTCA	1	TGAAACTG	4
P20	GTACCAGA	2	TGAAACTG	4
P22	CCAATTCG	3	TGAAACTG	4
P24	GGTCATGT	4	TGAAACTG	4
